title,description,genres,meta_score,user_score,developer,platform,release_date,rating
18 WHEELER: AMERICAN PRO TRUCKER,"Get behind the wheel of a 60-foot-long, 20-ton, 18-wheeled truck and buckle up as you drive in locations from New York to California. 18 Wheeler: American Pro Trucker features arcade-style racing in four gameplay modes: arcade, parking, score attack, and versus. You'll transport cargo and race against other truck drivers--all while protecting your rig from damage. In versus mode, you can take on a friend in split-screen action on four different raceways.","Genre(s): Driving, Racing, Arcade",67,6.9,Sega,N/A,"May 22, 2001",N/A
4X4 EVOLUTION,"4x4 Evolution takes gamers for a rough ride through 15 off-road courses, each with its own distinctive design, music score, and difficulty level. In addition to contending with the other vehicles, you'll face challenges such as gates, trees, and tractors in junkyards or oncoming traffic in construction zones. Win cash in a series of off-road races to upgrade your truck. You can even stop, rewind, and view an entire race again from multiple camera angles and different racers' perspectives.","Genre(s): Driving, Racing, Rally / Offroad",74,7.0,Terminal Reality,N/A,"Oct 30, 2000",N/A
AEROWINGS 2: AIR STRIKE,"As an elite fighter pilot, you're in command of the swiftest and deadliest military jets available. Build and hone your skills to razor sharpness. Then unleash them upon an unsuspecting foe in this ultimate test of fully.","Genre(s): Simulation, Flight, Modern Jet",74,8.1,CRI,N/A,"Aug 27, 2000",N/A
ALIEN FRONT ONLINE,"The Triclops have invaded the Earth with a simple plan: the eradication of all human life! Become a tank commander and obliterate the alien invaders, or join the elite Triclops Guard and crush any human scum that stand in the way. Regardless of which side you choose, you'll possess enough weaponry to completely destroy your enemies. One team will decide the fate of the globe!","Genre(s): Action, Shooter, Third-Person, Sci-Fi",76,7.7,Sega,N/A,"Aug 9, 2001",N/A
ALONE IN THE DARK: THE NEW NIGHTMARE,The budget price of this game is sure to please just about any gamer willing to take the plunge into this well-saturated genre.,"Genre(s): Action Adventure, Horror",75,7.4,Darkworks,N/A,"Sep 24, 2001",N/A
ARMY MEN: SARGE'S HEROES,"As Sarge, you must rescue your trusted commandos from the clutches of the evil general plastero. Enjoy tense commando action in oe of 14 different missions as sarge rolls, dives and climbs through dangerous enemy environments. Good Luck, Soldier!","Genre(s): Action, Shooter, Third-Person, Fantasy",60,7.8,Saffire,N/A,"Oct 30, 2000",N/A
ATARI ANNIVERSARY EDITION,"Atari produced many memorable arcade games during video gaming's early days and now the best have been gathered together in a new compilation. In Arcade Anniversary Edition, you relive the fast action, sights, and sounds of 12 classic Atari games: Asteroids, Asteroids Deluxe, Battlezone, Centipede, Crystal Castles, Gravitar, Millipede, Missile Command, Pong, Super Breakout, Tempest, and Warlords. Each Atari title is faithfully reproduced down to the last detail, and each one is just as easy and fun to play as the original.","Genre(s): Miscellaneous, Compilation",60,7.6,Digital Eclipse,N/A,"Jul 2, 2001",N/A
BANG! GUNSHIP ELITE,"You've never experienced anything like BANG! Gunship Elite. Incredible rendering techniques, a real-time 3-D universe, expansive galaxies, aliens, asteroids, mammoth vessels, aggressive fighters and powerful weapons make this the action game your universe is clamoring for!","Genre(s): Simulation, Sci-Fi, Small Spaceship",61,8.0,Rayland Interactive,N/A,"Dec 18, 2000",N/A
BANGAI-O,"Join Riki and Mami Makishi as they pilot the most destructive force the universe has ever known -- the giant robot Bangai-O against the forces of a notorious intergalactic crime syndicate. Utilize Bangai-O's devestating firepower to blast your way through 44 levels of non-stop, hardcore arcade action filled with mind-bending puzzles and titanic bosses. Just don't forget to breathe.","Genre(s): Action, Shooter, Scrolling",87,8.4,Treasure,N/A,"Mar 21, 2001",E
BOMBERMAN ONLINE,"Blast your way through the levels by destroying your opponents with strategically placed bombs. You need to use your bombs effectively, but you also better know when to run! Brand new stages and frantic new modes create an endless chain reaction of fun!","Genre(s): Strategy, Real-Time, Fantasy",80,8.6,Hudson,N/A,"Oct 30, 2001",N/A
BUST-A-MOVE 4,"With intense multiplayer competition, all new graphics, and create a level mode, you've never busted bubbles like these! And with 16 mysterious characters to save, you'll be bustin' like crazy!","Genre(s): Miscellaneous, Puzzle, Matching",79,8.2,Taito Corporation,N/A,"May 31, 2000",E
BUZZ LIGHTYEAR OF STAR COMMAND,"Calling All Intergalactic Space Rangers!

Only you, Buzz Lightyear, and your elite Space Ranger team can defeat the evil Emperor Zurg and his bad guys in their dark quest for universal domination. To infinity and beyond!","Genre(s): Action, Platformer, 3D",55,8.3,Traveller's Tales,N/A,"Sep 26, 2000",N/A
CANNON SPIKE,"Far into the future, a rogue group of terrorist robots wreak havoc on the world and it's citizens. The Anti Robot Squad Special Forces has been created to overthrow these radical robots. With an arsenal of weapons and high-powered Motor Boots, you must lead a courageous legion of seven members through multiple levels of robotic terror, huge bosses and other evils. Prepare yourself for the ultimate in speed, strategy and firepower.","Genre(s): Action, Shooter, Scrolling",73,8.1,Psikyo,N/A,"Nov 14, 2000",N/A
CAPCOM VS. SNK,nster corporations at war. One solution. A massive martial arts event is organized to settle the score and eliminate conflict between the two parties. Join over 25 brawlers from Camcom's legendary Street Fighter® and SNK's world-renowned King of Fighters™ series as they fight for universal domination. Capcom vs. SNK... the ultimate collision of strength and power.,"Genre(s): Action, Fighting, 2D",80,8.7,Capcom,N/A,"Nov 9, 2000",N/A
CHAMPIONSHIP SURFER,"10 outrageous beaches, 5-to-30-foot breakers, and 8 world class surfers including Cory Lopex, Shane Beschen, and Rochelle Ballard.","Genre(s): Sports, Alternative, Surfing",61,8.2,Krome Studios,N/A,"Dec 11, 2000",N/A
CHARGE 'N BLAST,"Charge 'N Blast doesn't have any glaring flaws, but it also doesn't excel in any general category.","Genre(s): Action, Shooter, Rail",68,tbd,Xicat Interactive,N/A,"Feb 7, 2001",N/A
CHICKEN RUN,"Behind the barbed wire fence of Tweedy Farm, Ginger is a chicken with a mission. Fearing for the lives of her friends, she is determined to escape to freedom before it is too late. To do this she enlists the help of Rocky, the smooth talking, flying Rooster...or is he?

Guide a rescue attempt to get all of the chickens to safety before they end up as pies. To do this you will have to sneak around the farm collecting objects necessary for the escape. Be careful not to disturb the dogs and avoid being caught by Mr. and Mrs. Tweedy at all costs in this humorous, 3D action game.","Genre(s): Action Adventure, Fantasy",68,7.5,Blitz Games,N/A,"Nov 13, 2000",N/A
COASTER WORKS,"Coaster Works is by no means a bad roller coaster simulator, but it's not an outstanding one either.","Genre(s): Strategy, Tycoon",70,7.9,Bimboosoft,N/A,"Dec 10, 2000",N/A
CONFIDENTIAL MISSION,"A group of international terrorists led by Agares have seized control of a deadly laser armed satellite and holds the world, to ransom. As CMF agent Howard Gibson or Jean Clifford your mission is to recover the control device on an assignment that seems an impossible Confidential Mission.
Including Agent Academy, Partner and Another World modes have you got what it takes to save the world from the evil Agares.","Genre(s): Action, Shooter, Light Gun",70,8.2,Hitmaker,N/A,"May 14, 2001",N/A
CONFLICT ZONE,"Enter the world of modern warfare, where the manipulation of media and civilians leads to military victory. As the commander of peacekeeping armies, you must build a campaign using strategy and spin control. Rescue hostages with news cameras rolling and gain public support to upgrade your units; harm innocents, and watch your popularity and power plummet. In Conflict Zone, media manipulation, brainwashing, and human shields are just as important as superior combat skills.","Genre(s): Strategy, Real-Time, Military",55,6.5,MASA Group,N/A,"Dec 15, 2001",N/A
CRAZY TAXI 2,"The Crazy Taxi Cab Co. has set up shop in New York City, and the streets of the Big Apple will never be the same. Hop into your ride and scour the city for fares. Race against the clock for a big payoff!","Genre(s): Driving, Racing, Arcade",82,8.3,Hitmaker,N/A,"May 28, 2001",N/A
D2,"This terror-shrouded adventure takes you to a remote northern region of the Canadian mountains. Left stranded in a vast snowy landscape after a meteor strikes her airplane, Laura finds herself in a cabin with a mysterious woman named Kimberly. Outside, horrifying creatures of alien origin roam the area as the two are left to fend for themselves.","Genre(s): Action Adventure, Horror",69,8.0,WARP,N/A,"Aug 22, 2000",M
DAVE MIRRA FREESTYLE BMX,"Dial in to progressive freestyle BMX with 10-Time WorlD ChamPion Dave Mirra!
*Ride as 10 top pros: Mirra, Nyquist, Ramsdell, Laird, McMurray, Harkin, Garcia, Butler, Kagy and Tim Mirra.
*Innovative trick modifier lets you create your own riding style with more than 1,300 tricks!
*Spin, grind ans stall your way through 12 free-roaming vert, dirt and street levels.
*10 different multi-player games including Sickest Trick and Gnarliest Crash.
*Killer soundtrack: Sublime, Cypress Hill, Rancid, Social Distortion, Deftones, Pennywise, Dropkick Murphys, 59 Times the Pain, Primer 55 and Swingin' Utters.","Genre(s): Sports, Alternative, Biking",73,7.2,"Z-Axis, Ltd.",N/A,"Nov 20, 2000",N/A
DAYTONA USA,"Feel the thundering sound of finely tuned engines and the scent of burning rubber as you await the 'Rolling Start'! Immerse yourself in the blistering speed and white-knuckle action of Daytona USA 2001, the enhanced version of the most renowned arcade racing classic of all time, featuring exclusive new tracks, secret un-lockable vehicles and if you have the skill, you can upload/download fastest times and ghost data via the internet ranking board.","Genre(s): Driving, Racing, Arcade",86,8.5,Amusement Vision,N/A,"Mar 12, 2001",N/A
DEATH CRIMSON OX,"July 29, 2010. The beautiful city of Saronica is destroyed by the mysterious SMO. Agents, known as Subliminers, are placed throughout the city to oppress the populace. Survivors form The Resistance and fiercely engage SMO forces in battle. The Resistance is led by the elusive Lily, who also makes a mean dish of macaroni and cheese. Segue to agent Kou Yanami, tortured with doubt over his employer's policies. He seizes two pistols from SMO's arsenal and joins Resistance forces. His pistols are the Crimson, ancient super weapons. Lily attempts to shelter Kou from his dogged pursuers but in turn falls prey to SMO. Now, Kou Yanami and Lily's daughter, Yuri, set out to free her... and blow away any SMO Subliminers who get in their way!","Genre(s): Action, Shooter, Light Gun",46,5.1,Ecole,N/A,"Aug 5, 2001",N/A
DEEP FIGHTER: THE TSUNAMI OFFENSE,"While Deep Fighter isn't destined for any awards, the game's intriguing storyline, solid gameplay, and sharp graphics make playing it a pleasurable experience.","Genre(s): Simulation, Sci-Fi, Futuristic Sub",69,7.6,Criterion Games,N/A,"Aug 22, 2000",N/A
DEMOLITION RACER: NO EXIT,Infogrames has lifted a formerly average game on the PlayStation to greatness on the Dreamcast.,"Genre(s): Driving, Demolition Derby",77,8.7,Pitbull Syndicate,N/A,"Oct 23, 2000",E
DINO CRISIS,"Raw instinct takes over in this adrenaline-pumping journey into Survival Horror. Something is terribly wrong. Your covert mission to inflitrate an isolated, research compound, has gon haywire... now you find yourself pursued by a relentless, pre-historic terror. Suddenly, your mission becomes a desperate fight for survival.","Genre(s): Action Adventure, Horror",74,9.0,Capcom,N/A,"Nov 14, 2000",N/A
DISNEY'S 102 DALMATIANS: PUPPIES TO THE RESCUE,"It's puppy power to the rescue! As Oddball or Domino, it's up to you to rescue your captured puppy friends from the evil clutches of Cruella De Vil and her army of pet-napping toys!","Genre(s): Action, Platformer, 3D",66,7.9,Crystal Dynamics,N/A,"Nov 15, 2000",N/A
DISNEY'S DINOSAUR,"Extinction is not an option in Disney's Dinosaur. Danger lurks at every corner as you lead the dinosaur herd through scorching lava flows, toxic smoke and scalding geysers. It's the ultimate trek for survival.","Genre(s): Action Adventure, Fantasy",53,tbd,Disney Interactive,N/A,"Nov 24, 2000",N/A
DISNEY'S DONALD DUCK: GOIN' QUACKERS,"Donald Duck is on a quest. He has to save the kidnapped Daisy from the clutchesof Merlock, the evil Magician. And, if this wasn't bad enough, he has to hurry, Donald must reach Daisy before his cousin Gladstone Gander! Master Donald Duck's quacky emotions and explosive temper in his hyperactive humerous adventures.","Genre(s): Action, Platformer, 3D",71,8.0,Ubisoft Montreal,N/A,"Dec 13, 2000",N/A
DRAGON RIDERS: CHRONICLES OF PERN,"See, for the first time, the magical world of Pern.

In the shattered world of Pern only one can be savior. It is now your calling to seek out the new Weyrwoman to ride the mighty Gold Dragon, before Pern is forever destroyed.

The brilliance of Pern comes alive.","Genre(s): Role-Playing, General",46,tbd,Ubisoft,N/A,"Aug 9, 2001",N/A
DUCATI WORLD RACING CHALLENGE,"Currently being developed by Attention to Detail and based on the renowned Ducati motorcycle brand, the game will include both a traditional arcade mode and a simulation mode.","Genre(s): Driving, Racing, GT / Street",40,6.8,Attention To Detail,N/A,"Feb 13, 2001",N/A
ECCO THE DOLPHIN: DEFENDER OF THE FUTURE,"Plunge into the tropical waters of the Isle of Tranquility. As Ecco, an anergetic young dolphin you will explore mysterious locations that span four alternate timelines. Seek the majestic city of Atlantis, monument to the civilisation built by humans and dolphins. Encounter sea creatures and come face to face with alien forces as you seek to defend the Earth and history itself!","Genre(s): Action Adventure, Fantasy",84,8.0,Appaloosa Interactive,N/A,"Sep 10, 2000",N/A
ECW ANARCHY RULZ,"Anarchy in the USA!

*All new control system!
*First-ever blistering Brimstone match plus music from Dope & One Minute Silence!
*The Bionic Elbow from ""The American Dream"" Dusty Rhodes!
*Backlot brawls, all-new finishers & 2-man commentary!
*Never before seen hardcore table matches!
*RVD, Tanaka, The Sandman & over 60 extreme wrestlers!","Genre(s): Action, Fighting, Wrestling",38,6.8,Acclaim Studios Salt Lake City,N/A,"Dec 30, 2000",N/A
ESPN INTERNATIONAL TRACK & FIELD,"Go for the Gold!

*Detailed ESPN Integration
*Authentic ESPN Graphic overlays
*Eye-popping statistical drop-ins
*Broadcast quality replays
*Over 750 authentic motion-captured animations featuring ""The World's Fastest Man,"" Maurice Greene, 3 time Olympian Ato Boldon, and more.
*12 international track & field events from the 100m dash to the Hammer Throw.
*Compete with athletes from over 10 different countries around the world with up to 4 player capability","Genre(s): Sports, Olympic Sports",61,tbd,KCEO,N/A,"Sep 26, 2000",N/A
ESPN NBA 2NIGHT,"Ball 'til you fall! Super NBA action, featuring all 29 NBA teams with complete NBA active player rosters. Over 75 courtside facial animations and game specific sounds. Complete defensive arsenal - hand checks, rejections, backboard pins, and battling for position. Deadly low-post moves - over 40 different animations specifically designed to dominate your opponent.","Genre(s): Sports, Traditional, Basketball, Sim",29,2.3,Konami,N/A,"Nov 20, 2000",N/A
EVIL DEAD: HAIL TO THE KING,"Chainsaws, boomsticks, and Deadites, oh my! Slice and dice the undead with a weapon in each hand. Fight evil across the spans of time: from the infamous cabin to ancient Damascus. Over 20 evil, grisly Deadites attempt to swallow your soul! Best of all... Bruce Campbell as Ash!","Genre(s): Action Adventure, Horror",49,7.5,Heavy Iron Studios,N/A,"Dec 17, 2000",M
F355 CHALLENGE,"F355 Challenge is the best driving game currently available on any console, let alone the Dreamcast, and once you crest the game's steep learning curve, the addictive need to constantly best other players' lap times will provide weeks of replayability.","Genre(s): Driving, Racing, GT / Street",85,8.1,Sega,N/A,"Sep 19, 2000",N/A
FATAL FURY: MARK OF THE WOLVES,"10 years have passed since Terry Bogard won the King of Fighters Tournament. Since then, many warriors from around the world have been honing their skills, waiting for a chance to win the greatest title a fighter can earn.
Now invitations have been sent to 12 new contenders from around the globe -- signifying the end of their wait and the chance to take part in the toughest contest of martial arts known to man. Only one fighter walks away unscathed, the rest face certain destruction.","Genre(s): Action, Fighting, 2D",86,8.1,SNK,N/A,"Nov 23, 2001",N/A
FLOIGAN BROS. EPISODE 1,"Large and lovable Moigle has a Secret Project that will keep the greedy Baron Malodorous and his gang of Mercenary Cats from taking over the Floigan Junkyard. Unfortunately, Moigle has lost the parts he needs to complete his project so he must enlist the help of his quick-witted older brother, Hoigle. Together, the Floigan Brothers play games and solve puzzles, all while defending their family turf!","Genre(s): Action, General",64,7.2,Visual Concepts,N/A,"Jul 30, 2001",N/A
FROGGER 2: SWAMPY'S REVENGE,"It's fast and furious action from start to finish for Frogger® and his new friend, Lillie Frog. Help them save the Frog Babies from Swampy the Crocodile. This is the best Frogger ever!","Genre(s): Action, General",74,7.6,Hasbro Interactive,N/A,"Sep 30, 2000",N/A
FUR FIGHTERS,"The fluff has hit the fan! Introducing the Fur Fighters, an elite strike squad of cuddly commandos on a quest to liberate their families from the evil General Viggo and save the free world!","Genre(s): Action, Shooter, Third-Person, Fantasy",80,7.5,Bizarre Creations,N/A,"Jul 11, 2000",N/A
GAUNTLET LEGENDS,"One to four players pit themselves against the vile demon Skorne and his rampaging armies. Save the realms using power-ups, magic spells and items of legend at your disposal. Increase your character's abilities as you play in preparation for the final confrontation--Skorne himself!","Genre(s): Action, General",59,8.0,Atari Games (Midway),N/A,"May 30, 2000",N/A
GIGA WING 2,"The heavens explode into inter-galactic chaos in this classic arcade shooter for the Sega Dreamcast. The rebellion's savage forces have returned in an all-out campaign for universal domination. Only you can defeat them! Pick your aircraft and prepare for hi-tech dogfights, relentless enemy fire, fantastic power-ups and devastating weapons like the Reflect Laser and Reflect Force. Use the Score Multiplier to rack up astronomical high scores. Team up with three of your friends for an all-out, 4-player simultaneous space battle to deliver the universe from the dark forces.","Genre(s): Action, Shooter, Scrolling",70,8.6,Takumi Corporation,N/A,"May 16, 2001",N/A
GRANDIA II,"Ryudo has been hired to protect a young priestess who must participate in a ceremony to halt the encroaching rebirth of Valmar, the God of Darkness. Embroiled between the forces of good and evil, Ryudo must follow his destiny and save the people he detests so much.","Genre(s): Role-Playing, Console-style RPG",90,8.5,Game Arts,N/A,"Dec 6, 2000",N/A
GUNBIRD 2,"Straight from the hit arcade game, Gunbird 2 is the most intense test of coordination and skill. This action shooters features 7 characters on a quest for the magical ingredients to produce the All-Purpose Medicine. On a journey to see the wise medicine master, you are intercepted by a rowdy band of pirates. Now, maneuver through insane levels of enemy fire to pick up power-ups and other weapons and be the first to recover your stolen bounty and unlock the secret of the medicine master.","Genre(s): Action, General",64,6.9,Psikyo,N/A,"Nov 17, 2000",N/A
HEAVY METAL: GEOMATRIX,"In the future, with the evolution of Nanobot technology, microscopic robots recreate human cell composition in the cyber world. Fantasy and reality have merged into one neo-world. Humans abandon the real world for the cyber luxury of the virtual world. Now, the polar caps are disloged and melting, submerging mother earth underwater. What little turf remains is claimed by thugs, gangs, and mercenaries. The battle for landmass begins. Only now, war is waged inside the Geomatrix with Nanobots armed with devastating weaponry. To win you must fight, to live you must win!","Genre(s): Action, General",58,6.7,Capcom,N/A,"Sep 13, 2001",N/A
HIDDEN & DANGEROUS,The year is 1941. Your four-man special forces team has been shot down deep inside enemy territory and is now reliant on your cunning and tactical thinking to get them safely across the border. The odds are stacked against you. Have you got what it takes?,"Genre(s): Action, General",72,8.3,Illusion Softworks,N/A,"Jul 9, 2000",N/A
ILLBLEED,"Imagine, if you will, a berserk B-movie horror film producer with a twisted sense of humor who puts up a million bucks (fictitious, of course!) to anyone who can survive his 7 movie-themed worlds. It's a bloody mess of mutant monsters, over 1000 traps and items, and abject terror fused with B-movie humor. You must rely solely on the game's sensory feedback (eyesight, hearing, smell, sixth sense) and the hard-to-find ""Horror Monitor"" to survive the epic adventure! Illbleed delivers a badly needed transfusion to the ""been there, done that"" horror game genre.","Genre(s): Action Adventure, Horror",61,8.7,Crazy Games,N/A,"Apr 16, 2001",N/A
IRON ACES,"It's a dark night. The cool, calming ocean air floats across your body, rejuvenating your animal spirit, flowing through your nerves like iced lightning. You breathe deeply, and climb into the cockpit of your P-51 Mustang. As you strap down your helmet and goggles you utter a silent prayer; you know that this time you launch off the carrier could be your last. So gear up, soldier. You're one of the best now...one of the Iron Aces.","Genre(s): Simulation, Flight, WWII",67,7.7,Marionette,N/A,"Feb 6, 2001",N/A
JEREMY MCGRATH SUPERCROSS 2000,"Race as or against 11-time Supercross Champ Jeremy McGrath and other superstar riders including Button, pastrana, Windham, Tortelli, Dowd, Ramsey and Albertyn!","Genre(s): Driving, Racing, Motorcycle, Motocross",43,8.0,Acclaim,N/A,"Sep 29, 1999",N/A
JET GRIND RADIO,"Join a graffiti crew, stamp your territory and protect it from rival taggers, but watch out for the angry cops!","Genre(s): Action, Platformer, 3D",94,8.3,Smilebit,N/A,"Oct 30, 2000",N/A
KAO THE KANGAROO,"After being kidneapped from his beautiful home, Kao must find his way back to Australia. Armed with comedy-sized boxing gloves, Kao hops, skips, and triple jumps his way across magnificently colored landscapes. Legs the size of a professional bodybuilders aren't the only means of locomotion for this furry bundle of fury. Use hang gliders, motorboats, snowboards, and even a space scooter.","Genre(s): Action, General",63,7.2,X-Ray Interactive,N/A,"Feb 13, 2001",N/A
KISS: PSYCHO CIRCUS,"Instead of fixing any of Psycho Circus' problems, or adding some Dreamcast-only levels, the programmers at Tremor have actually removed some key features of the PC version.","Genre(s): Action, General",59,7.1,Tremor Entertainment,N/A,"Oct 29, 2000",N/A
LOONEY TUNES: SPACE RACE,"Blast off into space! Join your all-time favorite cartoon characters in a hilarious rocket-powered ride through the galaxy. Loaded with outrageous pranks and comical commentary, it's a winner-takes-all race for the inter-galactic championship!","Genre(s): Driving, Racing, Kart",83,8.3,Melbourne House,N/A,"Nov 27, 2000",N/A
MARS MATRIX,"Half a century has passed since the colonization of Mars. Life on the red planet is productive and peaceful. Earth has placed the Mars Development Agency (MDA) is control of Mars' self-governing sectors, yet retains a tight grip on its colony. Without warning, an ominous transmission is received on Earth declaring Martian independence and all contact with Mars is lost. Now, the threat of war with mars has Earth seeing red. Massive fleets of experimental, yet very powerful new fighters are on their way to Mars on a mission that could escalate into inter-planetary war.","Genre(s): Action, General",78,7.9,Takumi Corporation,N/A,"Apr 30, 2001",N/A
MARVEL VS. CAPCOM 2,"The world's most insane tag-team fantasy fighter is bigger than ever! An unprecedented 56 characters include the debut of Jill from Resident Evil, Servbots from Mega Man and Cable from Marvel Comics fame. Experience arcade perfect fighting with 3 on 3 tag-team battles, unbelievable control and hyper-fast animation. Pick a fight with legendary Capcom characters and Super Heroes from the Marvel Universe and prepare to be amazed.","Genre(s): Action, Fighting, 2D",90,8.8,Capcom,N/A,"Jun 29, 2000",N/A
MAT HOFFMAN'S PRO BMX,Mat Hoffman is easily the best BMX game on the Dreamcast.,"Genre(s): Sports, Alternative, Biking",75,7.8,Runecraft,N/A,"Sep 11, 2001",N/A
MAX STEEL,"Infused with superhuman powers and nano-technology, Max Steel battles the forces of D.R.E.A.D™ and his evil cyborg nemesis Pyscho. Now, armed with a fierce new bio-weapon, D.R.E.A.D™ plans to ravage and take over the world.","Genre(s): Adventure, General",56,8.0,Treyarch,N/A,"May 30, 2001",N/A
MAXIMUM POOL,"Rack 'em up with seven classic pool games featuring super-accurate physics, video-captured opponents, and online play. Earn access to five crazy bonus games by beating a tough opponent or joining an online game!","Genre(s): Miscellaneous, Parlor, Billiards",59,7.4,Dynamix,N/A,"Dec 4, 2000",N/A
METROPOLIS STREET RACER,"Enter a new age of driving, a new form of thinking and feeling, and totally immerse yourself in the most advanced driving game ever created. Your 'Kudos' is the only path to success, since this is a unique test of skill, style and precision, which spans the streets of London, Tokyo and San Francisco. Be astounded by the realism, push your limits round 250+ different circuits, in hundreds of challenging events. Indulge up to 8 people in a unique multiplayer experience, and prepare yourself for the ultimate Internet Kudos Challenge","Genre(s): Driving, Racing, GT / Street",87,8.8,Bizarre Creations,N/A,"Jan 15, 2001",N/A
MS. PAC-MAN MAZE MADNESS,Chomp your way through mystical worlds to rescue Professor Pac. Free the lost worlds of Pac-Land from the horrid witch Mesmeralda. Videogame's most famous and favorite heroine is back to save the day!,"Genre(s): Action, General",73,6.2,Namco,N/A,"Nov 13, 2000",N/A
MTV SPORTS: SKATEBOARDING FEATURING ANDY MCDONALD,MTV Sports: Skateboarding Featuring Andy Macdonald serves no other purpose than to act as an excellent example of how not to make a skateboarding game.,"Genre(s): Sports, Alternative, Skateboarding",40,7.5,Darkblack,N/A,"Nov 9, 2000",N/A
NBA 2K1,"Visual Concepts has tweaked and buffed out the annoying gameplay traits that plagued its original hoops game, and the result is a highly polished product.","Genre(s): Sports, Traditional, Basketball, Sim",93,7.2,Visual Concepts,N/A,"Nov 1, 2000",N/A
NBA 2K2,"Exploit the defender with a lightning quick drop step move before you launch all out attack, finishing with an impressive dunk! With enhanced player performance such as this, the most renowned basketball game ever has been improved on all levels. Run the floor with new moves, exploit the new steal system then stand back in awe as you're put right behind the cameras in replay mode. With the addition of legendary urban playground courts, including the famous Mosswood Park, NBA2K2 is the true basketball experience.","Genre(s): Sports, Traditional, Basketball, Sim",93,7.4,Visual Concepts,N/A,"Oct 24, 2001",N/A
NBA HOOPZ,NBA Hoopz for the Dreamcast is the same old song and dance that Midway has been perpetuating for years now.,"Genre(s): Sports, Traditional, Basketball, Arcade",65,8.4,Eurocom Entertainment Software,N/A,"Feb 13, 2001",N/A
NCAA COLLEGE FOOTBALL 2K2,The game capably competes against any other college football product on the market.,"Genre(s): Sports, Traditional, Football, Sim",78,8.5,Visual Concepts,N/A,"Aug 29, 2001",N/A
NFL 2K1,"In the end, NFL 2K1 is a deeper, more refined version of the original game.","Genre(s): Sports, Traditional, Football, Sim",97,6.3,Visual Concepts,N/A,"Sep 7, 2000",N/A
NFL 2K2,Fans of the NFL 2K series will undoubtedly find that it's hard not to like NFL 2K2.,"Genre(s): Sports, Traditional, Football, Sim",90,7.2,Visual Concepts,N/A,"Sep 19, 2001",N/A
NFL BLITZ 2001,NFL Blitz 2001 for Dreamcast is a worthy update and a giant step above the PlayStation and Nintendo 64 versions of the same name.,"Genre(s): Sports, Traditional, Football, Arcade",78,8.0,Avalanche Software,N/A,"Sep 14, 2000",N/A
NFL QB CLUB 2001,"It's clear that NFL QB Club 2001 is trying to play catch up with Sega's NFL 2K series, and the way things stand, QB Club still has a lot of cleaning up to do before it can smell as rosy fresh as Sega's superior offerings.","Genre(s): Sports, Traditional, Football, Sim",44,tbd,High Voltage Software,N/A,"Jul 30, 2000",N/A
NHL 2K2,NHL 2K2 is a great game of hockey that any hockey fan who owns a Dreamcast should really consider picking up.,"Genre(s): Sports, Traditional, Ice Hockey, Sim",80,8.1,Treyarch,N/A,"Feb 14, 2002",N/A
OOGA BOOGA,"Wage all-out war in a wacky Polynesian game world. Strap on your grass skirt because you're the Big Kahuna, battling for the heart of the volcano goddess, Ooga Booga!","Genre(s): Action, General",81,6.2,Visual Concepts,N/A,"Sep 13, 2001",N/A
OUTTRIGGER,In response to a series of terrorist attacks a private enterprise has created 'Interforce'. Recruits have been handpicked from the world's military forces to begin a training program designed to transform them into the ultimate counter-terrorism weapon. Have you got what it takes to become a member?,"Genre(s): Action, General",73,8.0,Sega AM2,N/A,"Jul 24, 2001",N/A
PHANTASY STAR ONLINE,"Pioneer 2 finally completed it's long voyage to the new home world. But as the ship entered orbit, an enormous explosion shook the entire planet, and all contact with the thousands of people already there was lost. Now, in the first worldwide online console RPG, players from around the globe must unite to discover what has happened. Phantasy Star Online continues in the tradition of one of the most popular series of all time, and becomes a revolutionary and truly global gaming experience in an online, persistent world.","Genre(s): Role-Playing, General",89,8.4,Sonic Team,N/A,"Jan 29, 2001",N/A
PHANTASY STAR ONLINE VER. 2,"The realm of Phantasy Star Online has increased. Phantasy Star Online Ver. 2 includes all of the original content, and expands the world with more levels, more features, and more evil to combat. Master the Ultimate Difficulty setting, survive the Challenge Dungeon, and reign as the champion of Battle Mode. The evolution of the original revolutionary gaming experience continues.","Genre(s): Role-Playing, General",80,8.6,Sonic Team,N/A,"Sep 24, 2001",N/A
POD: SPEEDZONE,"Slip onto SegaNet and blast into POD SpeedZone, the fastest arcade racer for your Sega Dreamcast online. Pilot 8 futuristic cars across 6 surreal, mercilessly interactive tracks. Hone your maneuvers and master the weapons offline - then prove your racing chops in the POD online circuit. Get fast - before the SpeedZone leaves you in the dust.","Genre(s): Driving, Racing, Futuristic",69,7.5,Ubisoft Romania,N/A,"Dec 5, 2000",N/A
POWER STONE 2,"The world's most revolutionary fighting game does it again! Power Stone 2 takes go-anywhere, grab-anything combat, and introduces awesome new innovations to the hit arcade fighting series. Now, up to four players wage insane battles in fully interactive, multi-level stages. Master over 120 different items used in battle - weapons, vehicles traps, power-upsand more! As if chaotic swashbuckling battles weren't enough, combine forces with other players to battle monstrous bosses to win the game!","Genre(s): Action, Fighting, 3D",87,8.7,Capcom,N/A,"Aug 23, 2000",N/A
PRINCE OF PERSIA: ARABIAN NIGHTS,"Be strong. Be smart. Be the prince.

Journey back to a time of unbridled passion, harrowing adventure, and blood-pumping action. A once-humble servant in magically transformed into a 12th century Persian Prince - and must now embark on a perilous journey to rescue his bride and avenge the death of the Sultan.

So grab your sword and take the plunge. Explore exotic labyrinths and challenging mazes, avoid lethal traps, and battle ever-more skillful swordsmen as you race to rescue the beautiful Princess before time runs out. Stunning animation and 3D technology return the Prince to his rightful place atop the gaming world.","Genre(s): Action, Platformer, 3D",58,6.2,Avalanche Software,N/A,"Dec 6, 2000",N/A
PROJECT JUSTICE,"A group of long time friends now unite in the pursuit of honor and excellence. Setting all past rivalries aside, they band together to uncover the mystery behind an unusual series of events. Join over 20 playable characters, each with their own unique skills and custom attacks, as they compete in 3-on-3 battles in beautifully rendered 3-D worlds. Assemble your team and perform incredible fighting combos all for one united goal...Project Justice!","Genre(s): Action, Fighting, 3D",80,8.8,Capcom,N/A,"May 16, 2001",N/A
Q*BERT,"Help Q*bert rescue his friends and save Q*dina while navigating his way through challenging new world of mind-bending pyramid puzzles. Q*bert's world is filled with secrets, helpful power-ups, and all the familiar characters you remember-plus several new ones! Jump right in and get ready for all new cube-hopping fun!","Genre(s): Action, General",58,7.2,Artech Digital Entertainment,N/A,"Nov 30, 2000",N/A
QUAKE III ARENA,"Prepare to abandon every ounce of common sence and any trace of doubt as you're engulfed by an online multiplayer frnezy throughout cyberspace! Delve into lands of eerie uncertainty and fatal hazards drawing you into the depths of dispair, as legions of foes surround you. Challenging the gut reaction that transported you here in the first place. Immerse yourself within.","Genre(s): Action, Shooter, First-Person, Sci-Fi",93,8.4,Raster,N/A,"Oct 22, 2000",N/A
RAILROAD TYCOON II: GOLD EDITION,"Railroad Tycoon II, based on the award-winning original for PC, steamrolls onto Sega Dreamcast with a boxcar load of new enhancements. Control 40 plus cargo types using over 60 different train engines from around the world and establish transportation empires while outmaneuvering fellow robber barons. Play the Stock Market, manage your resources and watch as your empire grows throughout history.","Genre(s): Strategy, Tycoon",81,8.2,Tremor Entertainment,N/A,"Jun 30, 2000",N/A
RAZOR FREESTYLE SCOOTER,"Razor Freestyle Scooter is the opportunity to take your scooter into the funbox! Control urban thrashers who cut through massive, radical environments. Perform tight tricks, like heel-flips, candybars, can-cans and supermen. Add to the time bar by pulling off phat air on insane ramps and half-pipes. Grind ledges, high-flying wires, barrels and benches. Collect wheels scattered throughout each level to unlock the coolest parks and characters!","Genre(s): Sports, Alternative, Other",66,5.0,Titanium Studios,N/A,"Aug 8, 2001",N/A
READY 2 RUMBLE BOXING: ROUND 2,"Ready 2 Rumble Round 2 is a solid arcade-style boxing game, and like most arcade games, it wears thin fairly quickly.","Genre(s): Sports, Traditional, Boxing",70,7.4,Midway,N/A,"Oct 23, 2000",T
RECORD OF LODOSS WAR,"Experience the world of Record of Lodoss War up close and personal in an epic 3D Action/RPG only for Sega Dreamcast. Take control of a mysterious warrior from the past, resurrected to save the future, on a colossal quest filled with pulse-pounding action and high adventure. Join forces with popular characters from the Lodoss universe and combat hundreds of vicious enemies with dozens of spectacular spells.","Genre(s): Role-Playing, Action RPG",76,8.4,Neverland,N/A,"Feb 26, 2001",N/A
RED DOG: SUPERIOR FIREPOWER,"As commander of the Red Dog assault vehicle, your job is to rid our people of the now aggressive Haak forces occupying the continents of earth. You'll utilize Red Dog's advanced weaponry and armor as you engage in a variety of search and destroy, escort, and defense missions.","Genre(s): Driving, Car Combat",73,8.0,Argonaut Games,N/A,"Oct 31, 2000",N/A
RESIDENT EVIL 2,"Ready or not, the terror of Resident Evil 2 is here. In chapter one, the case of the disastrous T-virus outbreak--a mutagenic toxin designed for biological weapons--was eventually closed but the experiments were far from over. Control the destiny of Leon Kennedy or Claire Redfield as their nightmare begins when a biotech terror runs rampant in Raccoon City. Relentless zombies and hideous monsters are all out for a taste of your blood. If the suspense doesn't kill you, something else will.","Genre(s): Action Adventure, Horror",77,9.2,Capcom,N/A,"Dec 6, 2000",N/A
RESIDENT EVIL 3: NEMESIS,"A month and a half have passed since the mansion lab incident and now the secrets come back to haunt you in Resident Evil 3: Nemesis. Join Jill Valentine in her attempt to escape a nightmarish city in ruins. Around every corner lurk hordes of flesh-eating zombies, hideous mutants, and a relentless new nemesis. You'll soon rely on cunning and brute force to stay alive. The Resident Evil series has taken a horrifying turn, unveiling new layers in the Umbrella Corporation's devious activities.","Genre(s): Action Adventure, Horror",79,9.0,Capcom,N/A,"Nov 17, 2000",N/A
RESIDENT EVIL CODE: VERONICA,"Resident Evil Code: Veronica takes up the story of Claire Redfield, a character from Resident Evil 2. In that game she was searching for her brother Chris (a missing S.T.A.R.S. member) and in Resident Evil Code: Veronica we follow her to Europe where she continues her search at Umbrella headquarters.","Genre(s): Action Adventure, Survival",94,9.5,NexTech,N/A,"Feb 29, 2000",M
SAMBA DE AMIGO,"Samba De Amigo is one of the best music and rhythm games released thus far, and it's the first such game to hit the United States, making it an excellent entry into the world of music peripherals.","Genre(s): Miscellaneous, Rhythm, Music",89,8.4,Sonic Team,N/A,"Oct 16, 2000",N/A
SAN FRANCISCO RUSH 2049,"San Francisco Rush 2049 - the original arcade racing game with 3 action-packed games in one! Race Mode - Scream through futuristic San Francisco tracks. Stunt Mode - Insane air and gravity-defying tricks. Battle Mode - Lock and load your way through 8 killer battle arenas. Loaded with other great features: 19 all-new tracks, 13 selectable cars, 1 - 4 player modes, all-new online competition, and no load time!","Genre(s): Driving, Racing, Futuristic",84,8.6,Midway,N/A,"Sep 6, 2000",N/A
SEAMAN,"Now that you have obtained your own Seaman egg, use the faithful recreation of Dr. Gasse's laboratory to follow in his footsteps, uncovering the secrets of the Seaman. When the Seaman egg hatches, the adventure begins...","Genre(s): Strategy, Breeding/Constructing",82,8.5,Vivarium,N/A,"Aug 9, 2000",N/A
SEGA BASS FISHING 2,"Sega Bass Fishing 2 totally redefines the virtual fishing experience with realistic lakes and life-like ecologies. Watch out-the fish are even smarter this time around! Even with over 100 lures and the freedom to cast anywhere, you'll need every ounce of skill that you have if you want to fill your boat.","Genre(s): Sports, Nature, Fishing",76,8.3,Wow Entertainment,N/A,"Aug 21, 2001",N/A
SEGA GT,"Sega GT attempts to capture some of Gran Turismo's formula for the Dreamcast, but it ultimately falls short due to poor control and an unintuitive interface.","Genre(s): Driving, Racing, GT / Street",84,7.9,TOSE,N/A,"Aug 29, 2000",N/A
SEGA MARINE FISHING,"Sega Marine Fishing, the sequel to the smash arcade hit and Dreamcast all-star Sega Bass Fishing, features all of the thrills and action of deep-sea fishing complete with blue marlin, sailfish, tarpon, tuna, and the dangerous mako shark!","Genre(s): Sports, Nature, Fishing",79,7.3,Sega,N/A,"Aug 20, 2000",N/A
SEGA SMASH PACK VOLUME 1,"Every single one of the ports is incredibly poor, resulting in nothing but disappointment for anyone looking to replay any of these classic games.","Genre(s): Miscellaneous, Compilation",76,7.5,Sega,N/A,"Jan 31, 2001",N/A
SHENMUE II,"It is the sequel to Shenmue, and was directed by Yu Suzuki of Sega AM2.","Genre(s): Action Adventure, Modern",88,9.1,Sega AM2,N/A,"Nov 23, 2001",T
SILENT SCOPE,"Get ready to experience the arcade hit on your Dreamcast. The President and his family have been kidnapped by lethal terrorists, and the government turns to an elite counter-terrorist sniper to neutralize the hostile threats. Your mission is to infiltrate the terrorist's headquarters, clear all areas of danger and return the President's family safely to the White House.","Genre(s): Action, Shooter, Rail",63,7.3,Konami,N/A,"Oct 23, 2000",N/A
SKIES OF ARCADIA,"The age of exploration has dawned and you are about to embark on a magical journey, a voyage of discovery across the vast Skies of Arcadia in search of treasures untold, and where there is treasure, there will be Air Pirates! With over six vast lands to navigate, magnificent ships to fly and customize, a host of weapons and magical spells to be discovered and unique Internet functions to aid your quest, Skies of Arcadia is the most immense gaming experience ever created.","Genre(s): Role-Playing, Console-style RPG",93,8.8,Overworks,N/A,"Nov 13, 2000",N/A
SNO-CROSS CHAMPIONSHIP RACING,"Sno-Cross Championship Racing was a valiant effort on the PlayStation, on the Dreamcast it falls far short of standards and expectations.","Genre(s): Driving, Racing, Snow / Water",62,tbd,UDS,N/A,"Nov 30, 2000",N/A
SOLDIER OF FORTUNE,The main problem affecting the Dreamcast port of Soldier of Fortune is the game's ridiculously long loading times.,"Genre(s): Action, General",70,8.6,Runecraft,N/A,"Jul 24, 2001",N/A
SONIC ADVENTURE 2,"The world can be a confusing and dangerous place, especially when there are two of you! Sonic must face the new, villainous Shadow but you choose how the story unfolds - you can be a hero, or make friends with the dark-side! In the most thrilling Sonic Adventure ever created there are 6 playable characters, new moves to master, over 30 challenging stages and 3 different 2 player games - will you save the world or conquer it?","Genre(s): Action, Platformer, 3D",89,8.5,Sonic Team,N/A,"Jun 18, 2001",N/A
SONIC SHUFFLE,"Illumina, the Guardian Angel, needs your help. The mysterious monster Void has locked up the power of the Precioustones, and it's up to you to guide Sonic and his friends through incredible game boards to recover them. Play with up to 3 friends to find out who will be the first to save the land of Maginaryworld. Play minigames, fight bosses, work your way through special events, and more, in Sonic's latest adventure!","Genre(s): Adventure, Party",54,7.4,Sega,N/A,"Nov 13, 2000",N/A
SOULCALIBUR,"This is a tale of souls and swords, transcending the world and all its history, told for all eternity... The greatest weapons-based fighter returns, this time on Sega Dreamcast. Soul Calibur unleashes incredible graphics, fantastic fighters, and combos so amazing they'll make your head spin!","Genre(s): Action, Fighting, 3D",98,8.5,Namco,N/A,"Sep 8, 1999",T
SPAWN: IN THE DEMON'S HAND,"The legendary hellbound comic anti-hero comes to life. Straight from the blockbuster arcade game, this home version kicks it up a notch with ever more features and modes of play. Up to 4 players can battle in the ""death match-style"" Battle Royal Mode or choose a computer controlled teammate to take on Team Battle Mode. All your favorite characters from the Spawn series are faithfully recreated in the ultimate death match challenge.","Genre(s): Action, Shooter, Third-Person, Fantasy",62,8.1,Capcom,N/A,"Oct 1, 2000",N/A
SPEC OPS II: OMEGA SQUAD,"Spec Ops: Omega Squad for the Dreamcast continues the substandard tradition of the series, and it is perhaps more flawed than any previous Spec Ops title.","Genre(s): Action, Shooter, Third-Person, Tactical, Modern",50,7.0,Runecraft,N/A,"Oct 24, 2000",N/A
SPEED DEVILS ONLINE RACING,"Attention sinners. The most infernal arcade racer ever is now online. All the hellish tracks, tricked out cars, and shady side bets from the original Speed Devils return.

Blistering New Features: New Cars - 22 (11 new) machines, All original courses online plus new bonus course, Single player offline, up to 5-Player online, 22 new ways to gamble your cars and cash.
Intense Online Mayhem. Customize your online persona with quotes and characters. Win your opponents' cars online. Make and take your own insane bets with players nationwide.","Genre(s): Driving, Racing, Arcade",76,8.1,Ubisoft Montreal,N/A,"Dec 13, 2000",N/A
SPIDER-MAN,"He spins a web, swings across the sky and lands with a somersault onto the Daily Bugle building. Who is this masked hero? It's you! Fight, jump and web-sling as Spider-Man as you take on a legion of sinister villains. The city is depending on you. Start swinging...","Genre(s): Action Adventure, Sci-Fi",80,8.5,Treyarch,N/A,"Apr 19, 2001",N/A
SPORTS JAM,"Foot ball, Baseball, Basketball, Hockey, Tennis, Soccer, Golf, and Cycling! You must master skills from each of these sports to take on competitors in your quest to earn the title of King of Sports! Each game features full 3D characters and background graphics detailing your accomplishments or defeats. Play well and you'll learn what it feels like to be a champion in the greatest sports the world has to offer!","Genre(s): Sports, Alternative, Other",64,8.0,Wow Entertainment,N/A,"Jul 18, 2001",N/A
STAR WARS EPISODE I: JEDI POWER BATTLES,"Take back the Theed palace in fast and furious lightsaber assaults. You will have the power of the Force and your trusty Jedi saber as you ward off legions of battle droids, destroyer droids, assassins and other creatures from the Star Wars: Episode I worlds.","Genre(s): Action, Beat-'Em-Up",76,8.1,LucasArts,N/A,"Oct 18, 2000",N/A
STAR WARS: DEMOLITION,"Star Wars Demolition might seem like some half-baked attempt to cash in on the Star Wars license, though it's actually a competently executed game.","Genre(s): Driving, Car Combat",67,7.2,"Luxoflux, Inc.",N/A,"Nov 19, 2000",N/A
STARLANCER,"From Erin and Chris Roberts, the award winning designers of Wing Commander comes a game beyond the reaches of your imagination. Battle for control of the galaxy as a member of the elite 45th Squadron or take on your friends in epic, multi-player deathmatch battles. With every hour, the Coalition grows stronger, and the fall of the Alliance is at hand. Fight for Freedom! The 45th Wants You!","Genre(s): Simulation, Sci-Fi, Small Spaceship",79,8.6,Digital Anvil,N/A,"Nov 27, 2000",N/A
STREET FIGHTER III: 3RD STRIKE,"This amazing fighter stars 18 brawlers from the STREET FIGHTER III universe and introduces the new Leap Attack. Plus, a new Grade Judge system evaluates player performance at the end of each match. Huge characters and an innovative Hit-Frame system team up with the return of the Super Arts Fighting Styles. Experience totally seamless animation in the newest chapter of the greatest arcade series ever!","Genre(s): Action, Fighting, 2D",84,8.6,Capcom,N/A,"Oct 4, 2000",N/A
STREET FIGHTER III: DOUBLE IMPACT,"Street Fighter® fans everywhere get a double-dose of double-trouble with Street Fighter III: Double Impact. This explosive street brawl for the Sega Dreamcast™ contains TWO arcade hits on one CD -- Street Fighter III: New Generation... and Street Fighter III: Second Impact. Loaded with a new legion of fighters, Street fighter III: Double Impact boasts new enhancements to the series like parrying, Super Art fighting styles and two-punch, two-kick fighting styles to inflict more damage.","Genre(s): Action, Fighting, 2D",84,8.4,Capcom,N/A,"Jun 19, 2000",T
STUPID INVADERS,"Five goofy aliens, one earthbound tiny spaceship and a whole heap of trouble! Guide Etno and his alien pals (Bud, Gorgious, Stereo and Candy), through hilarious scenarios and escape the clutches, and scalpels, of Dr. Sakarine and Blok in this impressive, adult orientated, graphic adventure!","Genre(s): Adventure, General",64,6.8,Xilam,N/A,"Jun 28, 2001",N/A
SUPER RUNABOUT: SAN FRANCISCO EDITION,"Many games try to test your skill, but Super Runabout works to exercise your sense of frustration.","Genre(s): Driving, Mission-based",65,7.3,Climax Entertainment,N/A,"Oct 28, 2000",N/A
SURF ROCKET RACERS,Surf Rocket Racers is what happens when a game developer takes a stock game formula and simply goes nowhere with it.,"Genre(s): Driving, Racing, Futuristic",55,7.8,CRI,N/A,"Feb 28, 2001",N/A
SYDNEY 2000,"Experience the Sydney 2000 Olympic Games. Train your mind and body for competition in the Virtual Gym. 4 modes of play: Olympic, Arcade, Head-to-Head, or Coaching. Compete in intese multiplayer action for up to 4 players. TV-style presentation with Olympic champion commentators Dwight Stones and Marty Liquori. 32 countries represented in 12 events of power, stamina, accuracy and skill.","Genre(s): Sports, Olympic Sports",53,8.0,Attention To Detail,N/A,"Aug 31, 2000",N/A
TENNIS 2K2,"The top seed is back. Take to the courts of Virtua Tennis 2 as you compete to become the world No1. Serve, smash and lob your way through 16 internationally top-ranked male and female players as you go head to head in singles matches or compete with up to 4 players in doubles and mixed doubles matches. With revamped Tournament, Exhibition and World Tour modes its game set and match Virtua Tennis 2.","Genre(s): Sports, Traditional, Tennis",90,8.0,Hitmaker,N/A,"Oct 24, 2001",N/A
TEST DRIVE LE MANS,"In order to join them, you will need excellent racing strategy and masterful driving skills to finish the race. You will have to be able to control the most powerful cars at speeds of over 350 kmh. You will have to bring out the hero in you! Are you ready for the challenge?","Genre(s): Driving, Racing, GT / Street",93,8.3,Melbourne House,N/A,"Nov 13, 2000",N/A
TEST DRIVE V-RALLY,"The Ultimate Open Road Racing Championship. 16 officially licensed rally cars with 10 bonus cars. Over 80 new tracks in over 12 different countries exclusively for the Sega Dreamcast. Powerful track editor and generator - create, save and exchange saved tracks you create! Real-Time Damage feature shows visible damage during game play.","Genre(s): Driving, Racing, Rally / Offroad",86,8.9,Eden Studios,N/A,"Jul 2, 2000",N/A
THE GRINCH,"As the Grinch, your mission is to undo Whoville's Holiday preparations with the use of your most mischievous inventions. With Max the Dog at your side, you'll smash snowmen, solve puzzles, assemble gadgets, and explore magical Whoville and its many surrounding environments.","Genre(s): Action, General",51,7.8,Artificial Mind and Movement,N/A,"Oct 31, 2000",N/A
THE KING OF FIGHTERS '99: EVOLUTION,"The long-awaited ""KOF Evolution"" makes its way from the arcade to your home with a new story and new system. The dominant version, ""King of Fighters EVOLUTION"", is finally here! With features unique to Sega Dreamcast and even more surprises like the sizzling ""Striker Match"" that will satify your need for speed!","Genre(s): Action, Fighting, 2D",67,8.7,SNK,N/A,"May 10, 2001",T
THE LAST BLADE 2: HEART OF THE SAMURAI,"More than a dozen Samurai blade masters are summoned to compete in a challenge that has only one victor - and no other survivors. The Last Blade 2 Heart of the Samurai recreates 1864 Japan in all its feudal glory . Players are swept into 1-on-1 death matches against the living and the dead in a quest to bring honor to their master's clan. Each character wields their favorite weapon with a deadly accuracy that is sure to leave the players breathless - all in a split second! Practice each of the lightning-quick moves to perfection, or else prepare to be counted amongst those slain in battle.","Genre(s): Action, Fighting, 2D",77,8.2,SNK,N/A,"Aug 6, 2001",N/A
THE NEXT TETRIS: ON-LINE EDITION,"One of the most popular videogames on Earth, Tetris is deceptively simple, incredible addictive and universally loved.
Now, Tetris madness comes to the Sega Dreamcast. This edition of the classic game delivers an advanced graphics makeover, new features and worldwide Internet play!
Often imitated, never equaled, Tetris is a part of our popular culture. It has influenced and shaped the minds of the digital generation. it's time to take the game to the next level!","Genre(s): Miscellaneous, Puzzle, Stacking",67,8.0,Blue Planet Software,N/A,"Dec 20, 2000",N/A
THE TYPING OF THE DEAD,"Your rapid-fire typing skills spell doom for the undead in this utterly odd, totally challenging take-off on House of the Dead 2. When you're battling zombies in a nightmare-come-true, ten trigger fingers are definitely better than two!","Genre(s): Action, General",83,7.6,Smilebit,N/A,"Jan 23, 2001",M
TOKYO XTREME RACER 2,"Screaming around a blind turn, you cut your opponent off, driving him head-on into the divider. Toast. This is the world of Tokyo Xtreme Racer 2, a blistering battle to rule the streets of Tokyo. With an endless supply of bloodthirsty rivals, it's a high-adrenaline fight to become Emperor of the Streets. Customize your car with hundreds of parts and features. Cruise over 100 miles of highly-detailed of Tokyo highway. Personalize your team logo and share or trade it. Hundreds of new opponents and teams push your skills to the max.","Genre(s): Driving, Mission-based",79,7.9,Genki,N/A,"Sep 1, 2000",N/A
TOM CLANCY'S RAINBOW SIX: ROGUE SPEAR,"Lead the Rainbow team of elite multi-national special operatives against two deadly terrorist organizations. Life or death missions will take you to real world settings across the globe, including a Jumbo Jet airplane and a famous art museum.","Genre(s): Action, Shooter, First-Person, Tactical, Modern",75,7.5,Pipe Dream Interactive,N/A,"Nov 20, 2000",N/A
TOMB RAIDER: CHRONICLES,"Tomb Raider: Chronicles reveals four newly discovered, and previously untold adventures, taking you on a journey from the ruins of Rome, to the bowels of a German U boat, to the rooftops of a hi-tech city in a search of four ancient artifacts.

In light of Lara's recent disappearance, those closest to her gather together at the Croft Estate on a gray, rainy day for a memorial service in her honor. Afterwards, the friends sit quietly together in the study of the Croft Mansion and provide new insights about Lara's past exploits; exploits that have until now remained a secret...","Genre(s): Action Adventure, Modern",59,7.3,Core Design Ltd.,N/A,"Nov 19, 2000",N/A
TONY HAWK'S PRO SKATER 2,"Hawk's back - with new technology, new pros and new tricks! THPS2, the legend rides on! Skate as legendary Tony Hawk or any one of 12 other pro skaters. Create your own custom skaters. Multiple play modes including 1-Player, Career and Free Skate modes, as well as 2-player modes such as Trick Attack, Graffiti Tag and Horse. Build your own custom skate parks with the real-time 3D park editor.","Genre(s): Sports, Alternative, Skateboarding",97,6.2,Treyarch,N/A,"Nov 6, 2000",N/A
TOY STORY 2: BUZZ LIGHTYEAR TO THE RESCUE!,"The Countdown to Adventure is On!

As space hero Buzz Lightyear, you've got your hands full. Your best buddy, Woody, has been kidnapped by a greedy toy collector and it's going to be an all-out race against time to save him. It's all up to you...Buzz Lightyear to the rescue!","Genre(s): Action, General",57,7.4,Traveller's Tales,N/A,"Jun 30, 2000",N/A
ULTIMATE FIGHTING CHAMPIONSHIP,"The Ultimate Fighting Championship (UFC) is the premier mixed martial arts event in the world. There are no flying chairs or unrealistic moves. Spectators expect and demand to see true-to-life combat. Now, the ultimate fighting event comes to the Dreamcast as the most realistic fighting game ever created.","Genre(s): Action, Fighting, 3D",88,7.4,Anchor (Legacy),N/A,"Aug 29, 2000",N/A
UNREAL TOURNAMENT,"From the creators of Unreal comes Unreal Tournament, a competition that tests your reflexes and competitive spirit in deadly arenas. Battle 15 of your friends or customizable bots in over 30 different levels, such as pirate ships, waterfronts, speeding trains, and floating castles. Multiplayer modes include Capture the Flag, Assault, Domination, and new Deathmatch variations. With enhanced weapons--including the Impact hammer, which squashes your opponent to mush, and the Redeemer, a rocket-powered nuke--expect the body count to be high.","Genre(s): Action, Shooter, First-Person, Sci-Fi",90,8.5,Secret Level,N/A,"Mar 13, 2001",N/A
URBAN CHAOS,"The new millennium approaches. Turmoil, crime, and famine rule. Gangs, terrorists and violent cults lurk around every corner. As one of two cops, you must try and bring order to the city. D'arci is a young and cunning super-sleuth with unsurpassed reconnaissance and infiltration skills. As Special Forces veteran, Roper is known for his expertise in weapons and explosives. His skills are never questioned, but his mental stability is.

Either one could be the hero this city is waiting for.

But time is running out...","Genre(s): Action Adventure, Modern",52,6.8,Mucky Foot Productions,N/A,"Nov 13, 2000",N/A
VANISHING POINT,"It's a driving simulation so advanced and authentic it'll drive you mad. Comprehensive vehicle dynamics based on collaboration with industry engineers. Authentically licensed cars from manufacturers like Lotus, Aston-Martin, BMW, Alfa Romeo and more... One of the most advanced 3D driving engines ever developed. Is your mind ready for this much reality?","Genre(s): Driving, Racing, Arcade",80,8.1,Clockwork Games,N/A,"Dec 21, 2000",N/A
VIRTUA ATHLETE 2000,"The top 7 events from Track and Field come to life like never before as players vie for the top sports honor - ""The World's Greatest Athlete!"" Using the latest 3D graphics, Virtua Athlete 2000 challenges you to use quick reflexes, sharp eye-hand coordination, and split-second timing to master each of the events.","Genre(s): Sports, Olympic Sports",61,8.0,Hitmaker,N/A,"Aug 10, 2001",N/A
VIRTUA TENNIS,"Imagine how a tennis player feels when he enters the arena, the crowd is cheering, the atmosphere electric, the adrenaline rushes... Well now you can with Virtua Tennis, the most lifelike and playable tennis game ever! Play as one of eight licensed players and uncover the secret stars. As well as the traditional arcade mode you can play in the exhibition mode, with 4 player action via doubles play. Once you're mastered these modes take on the world in the world circuit mode, with unique training games, different challenges and shops to buy clothing, equipment, stages and playing partners. Virtua Tennis - so realisitc you can almost taste the strawberries and cream.","Genre(s): Sports, Traditional, Tennis",92,8.4,Hitmaker,N/A,"Jun 8, 2000",N/A
N/A,N/A,N/A,N/A,N/A,N/A,N/A,N/A,N/A
N/A,N/A,N/A,N/A,N/A,N/A,N/A,N/A,N/A
N/A,N/A,N/A,N/A,N/A,N/A,N/A,N/A,N/A
N/A,N/A,N/A,N/A,N/A,N/A,N/A,N/A,N/A
N/A,N/A,N/A,N/A,N/A,N/A,N/A,N/A,N/A
